mode,scenario,trial,requests,successful_requests,failed_requests,degraded_responses,recovered_requests,retried_requests,retry_recovery_rate,request_availability,observation_s,uptime_s,downtime_s,outage_episodes,completed_recoveries,mttf_s,mttr_s,mtbf_s,time_availability,failure_rate_per_s,p95_latency_ms,detection_ms,service_recovery_ms,component_restore_ms,consistent,duplicate_keys,payment_count,workers
baseline,backup,1,10,10,0,0,0,0,,1.0,0.8067453000003297,0.8067453000003297,0,0,0,,,,1.0,0.0,17.93779999979961,,17.96169999988706,37.13220000008732,True,0,3,payment1
baseline,backup,2,10,10,0,0,0,0,,1.0,0.827489599999808,0.827489599999808,0,0,0,,,,1.0,0.0,25.967000000036933,,25.991200000134995,53.652900000088266,True,0,3,payment1
baseline,backup,3,10,10,0,0,0,0,,1.0,0.8211460000002262,0.8211460000002262,0,0,0,,,,1.0,0.0,15.427499999987049,,15.451199999915843,33.661999999822,True,0,3,payment1
baseline,crash,1,16,9,7,0,0,0,,0.5625,10.746030999999675,1.979564599999776,8.7664663999999,1,1,1.979564599999776,8.7664663999999,10.746030999999675,0.18421355754509136,0.5051615895738453,1018.1718999997429,1120.2054023742676,9888.749099999586,8810.026599999674,True,0,1,payment1
baseline,crash,2,16,9,7,0,0,0,,0.5625,10.739603800000168,2.052262100000007,8.687341700000161,1,1,2.052262100000007,8.687341700000161,10.739603800000168,0.1910929060530124,0.4872671965242629,1020.0952000000143,1163.2249355316162,9852.099100000032,8778.216799999882,True,0,1,payment1
baseline,crash,3,16,9,7,0,0,0,,0.5625,10.651885300000231,1.9808671000005234,8.671018199999708,1,1,1.9808671000005234,8.671018199999708,10.651885300000231,0.18596399080644255,0.5048294254570314,1016.0217000002376,1135.000467300415,9807.364699999653,8729.51009999997,True,0,1,payment1
baseline,database,1,16,9,7,0,0,0,,0.5625,9.383419199999935,1.8447563999998238,7.538662800000111,1,1,1.8447563999998238,7.538662800000111,9.383419199999935,0.19659746204239031,0.542076991845696,825.5967000000055,934.8464012145996,8476.943599999686,7407.17339999992,True,0,1,payment1
baseline,database,2,16,9,7,0,0,0,,0.5625,9.369776699999875,1.794064199999866,7.575712500000009,1,1,1.794064199999866,7.575712500000009,9.369776699999875,0.19147352785898197,0.557393654028699,832.1030000001883,946.2745189666748,8524.987299999793,7446.856300000036,True,0,1,payment1
baseline,database,3,16,9,7,0,0,0,,0.5625,9.291858600000069,1.794852600000013,7.497006000000056,1,1,1.794852600000013,7.497006000000056,9.291858600000069,0.1931640027324565,0.557148815451471,821.2138000003506,922.9300022125244,8422.871300000224,7357.799900000373,True,0,1,payment1
baseline,duplicate,1,20,20,0,0,0,0,,1.0,0.8829055000001063,0.8829055000001063,0,0,0,,,,1.0,0.0,91.81000000035056,,109.98370000015711,100.19099999999526,False,1,13,payment1
baseline,duplicate,2,20,20,0,0,0,0,,1.0,0.9660947000002125,0.9660947000002125,0,0,0,,,,1.0,0.0,179.02709999998478,,207.12460000004285,197.27210000019113,False,1,13,payment1
baseline,duplicate,3,20,20,0,0,0,0,,1.0,0.8614370000000235,0.8614370000000235,0,0,0,,,,1.0,0.0,93.09989999974277,,109.29729999998017,101.40159999991738,False,1,13,payment1
baseline,interruption,1,10,9,1,0,0,0,,0.9,0.8136472000001049,0.7962845000001835,0.01736269999992146,1,1,0.7962845000001835,0.01736269999992146,0.8136472000001049,0.9786606529219062,1.2558325573331763,13.884999999845604,11.15274429321289,32.689099999970495,32.69369999998162,False,0,2,payment1
baseline,interruption,2,10,9,1,0,0,0,,0.9,0.8813120999998318,0.8545831999999791,0.02672889999985273,1,1,0.8545831999999791,0.02672889999985273,0.8813120999998318,0.9696714705268907,1.1701610796936148,23.226400000112335,15.964508056640625,46.71700000017154,46.722200000203884,False,0,2,payment1
baseline,interruption,3,10,9,1,0,0,0,,0.9,0.7964968999999655,0.7708710000001702,0.025625899999795365,1,1,0.7708710000001702,0.025625899999795365,0.7964968999999655,0.9678267423265596,1.2972339081373916,22.79980000002979,15.209197998046875,45.42670000000726,45.430600000145205,False,0,2,payment1
baseline,load,1,128,128,0,0,0,0,,1.0,1.591661099999783,1.591661099999783,0,0,0,,,,1.0,0.0,306.32350000041697,,807.94429999969,796.7954999999165,True,0,121,payment1
baseline,load,2,128,128,0,0,0,0,,1.0,2.621485499999835,2.621485499999835,0,0,0,,,,1.0,0.0,464.75050000026386,,1834.6944999998414,1823.3994000001985,True,0,121,payment1
baseline,load,3,128,128,0,0,0,0,,1.0,1.7664868000001661,1.7664868000001661,0,0,0,,,,1.0,0.0,382.0247000003292,,967.376399999921,956.3329000002341,True,0,121,payment1
baseline,node,1,18,10,8,0,0,0,,0.5555555555555556,12.147461399999884,2.1877395999999862,9.959721799999897,1,1,2.1877395999999862,9.959721799999897,12.147461399999884,0.18009850189768928,0.45709279111645934,1013.6815000000752,1304.8241138458252,11266.137099999924,10183.582199999819,True,0,1,"payment1,student"
baseline,node,2,18,10,8,0,0,0,,0.5555555555555556,12.181731099999979,2.22845580000012,9.95327529999986,1,1,2.22845580000012,9.95327529999986,12.181731099999979,0.18293424651280668,0.44874123148412737,1016.779200000201,1329.0388584136963,11284.30389999994,10213.817899999867,True,0,1,"payment1,student"
baseline,node,3,18,10,8,0,0,0,,0.5555555555555556,12.053052599999774,2.130511999999726,9.922540600000048,1,1,2.130511999999726,9.922540600000048,12.053052599999774,0.17676119657851372,0.46937074280742314,1013.8864999998987,1246.2105751037598,11170.289400000001,10104.42600000033,True,0,1,"payment1,student"
baseline,response_loss,1,10,9,1,0,0,0,,0.9,0.791816800000106,0.7779670000004444,0.013849799999661627,1,1,0.7779670000004444,0.013849799999661627,0.791816800000106,0.982508832851665,1.2854015658754534,14.639500000157568,13.089418411254883,31.76869999970222,31.773400000020047,False,1,3,payment1
baseline,response_loss,2,10,9,1,0,0,0,,0.9,0.8163893999999345,0.792171099999905,0.024218300000029558,1,1,0.792171099999905,0.024218300000029558,0.8163893999999345,0.970334867160167,1.262353549631033,31.594200000199635,29.680252075195312,58.83429999994405,58.83829999993395,False,1,3,payment1
baseline,response_loss,3,10,9,1,0,0,0,,0.9,0.8023393999997097,0.7886964999993324,0.013642900000377267,1,1,0.7886964999993324,0.013642900000377267,0.8023393999997097,0.9829960986580215,1.2679148443043,13.999100000091858,14.50204849243164,32.25720000000365,32.26119999999355,False,1,3,payment1
baseline,timeout,1,16,11,5,0,0,0,,0.6875,7.56212830000004,1.9202930000001288,5.6418352999999115,1,1,1.9202930000001288,5.6418352999999115,7.56212830000004,0.2539355223581857,0.5207538641238253,1020.4090000001997,1022.7503776550293,6666.491099999803,5540.698199999952,True,0,1,"academic,payment1,student"
baseline,timeout,2,16,11,5,0,0,0,,0.6875,7.56852600000002,1.8932489000003443,5.675277099999676,1,1,1.8932489000003443,5.675277099999676,7.56852600000002,0.25014763773029774,0.5281925688692164,1025.0463000002128,1010.8704566955566,6687.884899999972,5565.193100000215,True,0,1,"academic,payment1,student"
baseline,timeout,3,16,11,5,0,0,0,,0.6875,7.5104927000002135,1.8768905000001723,5.633602200000041,1,1,1.8768905000001723,5.633602200000041,7.5104927000002135,0.24990244647999177,0.5327961327525012,1015.5322999999044,1007.3833465576172,6642.323900000065,5517.7098999997725,True,0,1,"academic,payment1,student"
ft,backup,1,10,10,0,0,0,0,,1.0,0.8248290000001361,0.8248290000001361,0,0,0,,,,1.0,0.0,16.014600000289647,,13.280900000154361,46.83680000016466,True,0,2,"payment1,payment2"
ft,backup,2,10,10,0,0,0,0,,1.0,0.8597095000000081,0.8597095000000081,0,0,0,,,,1.0,0.0,22.95219999996334,,20.0872000000345,76.81970000021465,True,0,2,"payment1,payment2"
ft,backup,3,10,10,0,0,0,0,,1.0,0.8220817000001261,0.8220817000001261,0,0,0,,,,1.0,0.0,13.562200000251323,,12.1937999997499,41.51079999974172,True,0,2,"payment1,payment2"
ft,crash,1,16,16,0,0,2,2,1.0,1.0,4.433449099999962,4.433449099999962,0,0,0,,,,1.0,0.0,378.78060000002733,546.238899230957,137.21080000004804,2481.3586000000214,True,0,1,"payment1,payment2"
ft,crash,2,16,16,0,0,2,2,1.0,1.0,4.473991899999874,4.473991899999874,0,0,0,,,,1.0,0.0,389.0395999997054,542.203426361084,146.94210000016028,2512.337600000137,True,0,1,"payment1,payment2"
ft,crash,3,16,16,0,0,2,2,1.0,1.0,4.396891099999721,4.396891099999721,0,0,0,,,,1.0,0.0,366.9694999998683,543.4300899505615,152.64769999976124,2479.0226999998595,True,0,1,"payment1,payment2"
ft,database,1,16,9,7,0,0,1,0.0,0.5625,5.084479699999974,2.0777133999999933,3.006766299999981,1,1,2.0777133999999933,3.006766299999981,5.084479699999974,0.40863835094080597,0.48129833498691554,1090.8797000001869,432.2395324707031,4224.818900000173,3148.495400000229,True,0,1,"payment1,payment2"
ft,database,2,16,9,7,0,0,1,0.0,0.5625,5.123717599999964,2.1267641999997977,2.996953400000166,1,1,2.1267641999997977,2.996953400000166,5.123717599999964,0.4150822441892217,0.47019787148951214,1100.3374000001713,459.6681594848633,4242.182899999989,3174.2480999996587,True,0,1,"payment1,payment2"
ft,database,3,16,9,7,0,0,1,0.0,0.5625,5.09151410000004,2.0542546000001494,3.037259499999891,1,1,2.0542546000001494,3.037259499999891,5.09151410000004,0.4034663480555093,0.4867945774588638,1083.4196999999222,420.64738273620605,4235.605599999872,3160.3666000000885,True,0,1,"payment1,payment2"
ft,duplicate,1,20,20,0,0,0,0,,1.0,0.887914500000079,0.887914500000079,0,0,0,,,,1.0,0.0,78.42879999998331,,94.89660000008371,84.15860000013708,True,0,2,"payment1,payment2"
ft,duplicate,2,20,20,0,0,0,0,,1.0,0.8762852999998358,0.8762852999998358,0,0,0,,,,1.0,0.0,77.5656999999228,,94.29140000020197,84.74590000014359,True,0,2,"payment1,payment2"
ft,duplicate,3,20,20,0,0,0,0,,1.0,0.8284966000001077,0.8284966000001077,0,0,0,,,,1.0,0.0,60.1411000002372,,71.31239999989702,64.3246999998155,True,0,2,"payment1,payment2"
ft,interruption,1,10,10,0,0,1,1,1.0,1.0,0.9074755999999979,0.9074755999999979,0,0,0,,,,1.0,0.0,77.78319999988526,10.469913482666016,81.0633000000962,93.67930000007618,True,0,2,"payment1,payment2"
ft,interruption,2,10,10,0,0,1,1,1.0,1.0,0.887027599999783,0.887027599999783,0,0,0,,,,1.0,0.0,80.65209999995204,11.066913604736328,84.48720000023968,98.35359999988214,True,0,2,"payment1,payment2"
ft,interruption,3,10,10,0,0,1,1,1.0,1.0,0.8673057999999401,0.8673057999999401,0,0,0,,,,1.0,0.0,79.89200000019991,10.126352310180664,82.93999999978041,96.2509000000864,True,0,2,"payment1,payment2"
ft,load,1,128,128,0,0,0,0,,1.0,1.4730341999998018,1.4730341999998018,0,0,0,,,,1.0,0.0,205.11739999983547,,669.7949999997945,657.763199999863,True,0,121,"payment1,payment2"
ft,load,2,128,128,0,0,0,0,,1.0,1.96000580000009,1.96000580000009,0,0,0,,,,1.0,0.0,285.29559999969933,,1151.7657000003965,1139.0145000000302,True,0,121,"payment1,payment2"
ft,load,3,128,128,0,0,0,0,,1.0,1.3655650999999125,1.3655650999999125,0,0,0,,,,1.0,0.0,186.09939999987546,,594.4033999999192,583.9277999998558,True,0,121,"payment1,payment2"
ft,node,1,18,17,1,1,2,3,0.6666666666666666,0.9444444444444444,5.655481700000109,5.655481700000109,0,0,0,,,,1.0,0.0,803.6142999999356,679.9488067626953,290.0744000003215,3692.0680000002903,True,0,1,"payment1,payment2,student"
ft,node,2,18,17,1,1,2,3,0.6666666666666666,0.9444444444444444,5.711757000000034,5.711757000000034,0,0,0,,,,1.0,0.0,798.8206999998511,738.0969524383545,342.2371000001476,3755.445000000236,True,0,1,"payment1,payment2,student"
ft,node,3,18,17,1,1,2,3,0.6666666666666666,0.9444444444444444,5.526622799999586,5.526622799999586,0,0,0,,,,1.0,0.0,802.5738000001184,637.277364730835,247.59750000021086,3626.516000000265,True,0,1,"payment1,payment2,student"
ft,response_loss,1,10,10,0,0,1,1,1.0,1.0,0.8705415000003995,0.8705415000003995,0,0,0,,,,1.0,0.0,73.15539999990506,13.331413269042969,77.56940000035684,87.89550000028612,True,0,2,"payment1,payment2"
ft,response_loss,2,10,10,0,0,1,1,1.0,1.0,0.8730034999998679,0.8730034999998679,0,0,0,,,,1.0,0.0,79.407799999899,17.258882522583008,83.51850000008199,96.17060000027777,True,0,2,"payment1,payment2"
ft,response_loss,3,10,10,0,0,1,1,1.0,1.0,0.8846122999998443,0.8846122999998443,0,0,0,,,,1.0,0.0,85.52229999986594,10.603189468383789,87.97479999975621,99.73889999992025,True,0,2,"payment1,payment2"
ft,timeout,1,16,11,5,5,0,1,0.0,0.6875,3.299404500000037,1.6776159999999436,1.6217885000000933,1,1,1.6776159999999436,1.6217885000000933,3.299404500000037,0.5084602388097382,0.5960839667719154,796.063900000263,323.4856128692627,2423.2006000002,1292.8870000000643,True,0,1,"academic,payment2,student"
ft,timeout,2,16,11,5,5,0,1,0.0,0.6875,3.2785777999997663,1.6621492999997827,1.6164284999999836,1,1,1.6621492999997827,1.6164284999999836,3.2785777999997663,0.5069726574735854,0.6016306718055536,787.6167999997961,317.81554222106934,2411.3882999999987,1289.0456000000086,True,0,1,"academic,payment2,student"
ft,timeout,3,16,11,5,5,0,1,0.0,0.6875,3.2268961999998282,1.6454251000000113,1.581471099999817,1,1,1.6454251000000113,1.581471099999817,3.2268961999998282,0.5099095223453729,0.6077456822556025,786.187499999869,309.86952781677246,2372.098399999686,1255.399099999977,True,0,1,"academic,payment2,student"
